{
  "accuracy": 0.958,
  "avg_confidence": 0.94576953125,
  "ece": 0.016207031250000014,
  "predictions": [
    0,
    2,
    1,
    0,
    0,
    2,
    0,
    1,
    1,
    0,
    0,
    1,
    1,
    2,
    0,
    1,
    1,
    2,
    2,
    0,
    2,
    2,
    0,
    1,
    1,
    2,
    1,
    1,
    1,
    2,
    0,
    1,
    1,
    1,
    1,
    2,
    2,
    1,
    0,
    2,
    0,
    0,
    1,
    1,
    0,
    1,
    1,
    2,
    0,
    1,
    1,
    0,
    1,
    0,
    1,
    1,
    2,
    1,
    0,
    2,
    0,
    1,
    1,
    1,
    0,
    0,
    2,
    0,
    1,
    2,
    0,
    2,
    1,
    0,
    2,
    1,
    0,
    0,
    1,
    2,
    1,
    1,
    2,
    0,
    0,
    2,
    1,
    1,
    0,
    1,
    0,
    1,
    0,
    2,
    2,
    2,
    1,
    1,
    0,
    2,
    2,
    2,
    0,
    1,
    1,
    1,
    2,
    1,
    0,
    1,
    1,
    1,
    1,
    0,
    0,
    1,
    2,
    1,
    0,
    0,
    1,
    2,
    0,
    0,
    2,
    0,
    2,
    2,
    2,
    0,
    1,
    2,
    1,
    1,
    2,
    1,
    1,
    1,
    0,
    1,
    2,
    0,
    0,
    1,
    0,
    2,
    0,
    2,
    1,
    0,
    1,
    0,
    1,
    0,
    2,
    1,
    2,
    1,
    1,
    0,
    1,
    2,
    0,
    1,
    0,
    2,
    1,
    2,
    1,
    2,
    1,
    0,
    1,
    1,
    0,
    1,
    0,
    2,
    2,
    0,
    2,
    0,
    0,
    2,
    0,
    1,
    1,
    0,
    1,
    0,
    0,
    2,
    0,
    2,
    2,
    1,
    2,
    2,
    0,
    0,
    2,
    1,
    0,
    0,
    0,
    1,
    0,
    2,
    2,
    0,
    2,
    2,
    1,
    2,
    1,
    1,
    1,
    2,
    2,
    2,
    1,
    1,
    1,
    1,
    1,
    2,
    0,
    1,
    0,
    2,
    0,
    2,
    1,
    0,
    1,
    1,
    2,
    0,
    2,
    2,
    2,
    2,
    0,
    2,
    0,
    0,
    2,
    0,
    2,
    0,
    1,
    0,
    2,
    1,
    1,
    1,
    2,
    1,
    0,
    0,
    0,
    1,
    1,
    0,
    0,
    0,
    0,
    1,
    2,
    0,
    1,
    1,
    2,
    1,
    0,
    1,
    2,
    0,
    0,
    2,
    1,
    1,
    2,
    1,
    1,
    0,
    0,
    1,
    2,
    0,
    1,
    2,
    2,
    2,
    2,
    2,
    2,
    2,
    0,
    1,
    0,
    1,
    2,
    0,
    1,
    0,
    0,
    0,
    0,
    1,
    2,
    1,
    1,
    1,
    2,
    1,
    1,
    2,
    0,
    0,
    2,
    2,
    0,
    1,
    1,
    2,
    1,
    0,
    2,
    1,
    1,
    1,
    0,
    0,
    2,
    2,
    1,
    0,
    2,
    2,
    0,
    0,
    2,
    0,
    1,
    2,
    0,
    2,
    0,
    1,
    0,
    1,
    1,
    2,
    2,
    0,
    1,
    2,
    2,
    2,
    0,
    1,
    2,
    1,
    1,
    1,
    2,
    2,
    0,
    1,
    2,
    2,
    0,
    2,
    1,
    1,
    0,
    1,
    1,
    2,
    1,
    1,
    1,
    1,
    0,
    0,
    1,
    0,
    0,
    0,
    0,
    2,
    0,
    1,
    0,
    0,
    1,
    1,
    1,
    1,
    2,
    0,
    1,
    0,
    0,
    2,
    1,
    1,
    0,
    0,
    0,
    0,
    1,
    1,
    1,
    1,
    1,
    2,
    1,
    1,
    1,
    2,
    1,
    1,
    1,
    1,
    1,
    1,
    0,
    1,
    0,
    1,
    0,
    0,
    0,
    2,
    1,
    1,
    2,
    1,
    0,
    2,
    2,
    0,
    1,
    1,
    0,
    0,
    2,
    0,
    2,
    1,
    0,
    1,
    1,
    0,
    1,
    0,
    2,
    2,
    2,
    0,
    2,
    0,
    1,
    1,
    1,
    0,
    1,
    1,
    1,
    0,
    1,
    1,
    2,
    2,
    0,
    1,
    0,
    2,
    1,
    1,
    1,
    0,
    1,
    0,
    1,
    2,
    1,
    1,
    0,
    2,
    1,
    0,
    0,
    0,
    1,
    1,
    1,
    0
  ],
  "labels": [
    0,
    2,
    1,
    0,
    0,
    2,
    0,
    1,
    1,
    0,
    0,
    1,
    1,
    2,
    0,
    1,
    1,
    2,
    2,
    0,
    2,
    2,
    0,
    1,
    1,
    2,
    1,
    1,
    1,
    2,
    0,
    1,
    1,
    1,
    1,
    1,
    2,
    1,
    0,
    2,
    0,
    0,
    1,
    2,
    0,
    1,
    1,
    2,
    0,
    1,
    1,
    0,
    1,
    0,
    1,
    1,
    2,
    1,
    0,
    2,
    0,
    1,
    1,
    1,
    0,
    0,
    2,
    0,
    2,
    2,
    0,
    2,
    1,
    0,
    2,
    1,
    0,
    1,
    1,
    2,
    1,
    1,
    2,
    0,
    0,
    2,
    1,
    1,
    0,
    1,
    0,
    1,
    0,
    2,
    2,
    2,
    1,
    1,
    0,
    2,
    2,
    2,
    0,
    1,
    1,
    1,
    2,
    1,
    0,
    1,
    1,
    2,
    1,
    1,
    0,
    1,
    2,
    1,
    0,
    0,
    1,
    2,
    0,
    0,
    2,
    0,
    2,
    2,
    2,
    0,
    1,
    2,
    1,
    1,
    2,
    1,
    1,
    1,
    0,
    1,
    2,
    0,
    0,
    1,
    0,
    2,
    0,
    2,
    1,
    0,
    1,
    0,
    2,
    0,
    2,
    1,
    2,
    1,
    1,
    0,
    1,
    2,
    0,
    1,
    0,
    2,
    1,
    2,
    1,
    2,
    1,
    0,
    1,
    1,
    0,
    2,
    0,
    2,
    2,
    0,
    2,
    0,
    0,
    2,
    0,
    1,
    1,
    0,
    1,
    0,
    0,
    2,
    0,
    2,
    2,
    1,
    2,
    2,
    0,
    0,
    2,
    0,
    0,
    0,
    0,
    1,
    0,
    2,
    2,
    0,
    2,
    2,
    1,
    2,
    1,
    1,
    1,
    1,
    1,
    2,
    1,
    1,
    1,
    1,
    1,
    2,
    0,
    1,
    1,
    2,
    0,
    2,
    1,
    1,
    1,
    1,
    2,
    0,
    2,
    2,
    2,
    2,
    0,
    2,
    0,
    0,
    2,
    0,
    2,
    0,
    1,
    0,
    2,
    1,
    1,
    2,
    2,
    1,
    0,
    0,
    0,
    1,
    1,
    0,
    0,
    0,
    0,
    1,
    2,
    0,
    1,
    1,
    2,
    1,
    0,
    1,
    2,
    0,
    0,
    2,
    1,
    1,
    2,
    1,
    1,
    0,
    0,
    1,
    2,
    0,
    1,
    2,
    2,
    2,
    2,
    2,
    2,
    2,
    0,
    0,
    0,
    1,
    2,
    0,
    1,
    0,
    0,
    0,
    0,
    1,
    2,
    2,
    1,
    1,
    2,
    1,
    1,
    2,
    0,
    0,
    2,
    2,
    0,
    1,
    1,
    2,
    1,
    0,
    2,
    1,
    1,
    1,
    0,
    0,
    2,
    2,
    1,
    0,
    2,
    2,
    0,
    0,
    2,
    0,
    1,
    1,
    0,
    1,
    0,
    1,
    0,
    1,
    1,
    2,
    2,
    0,
    1,
    2,
    2,
    2,
    0,
    1,
    2,
    1,
    1,
    1,
    2,
    2,
    0,
    1,
    2,
    2,
    0,
    2,
    1,
    1,
    0,
    1,
    1,
    2,
    1,
    1,
    1,
    1,
    0,
    0,
    1,
    0,
    0,
    0,
    0,
    2,
    0,
    1,
    0,
    0,
    1,
    1,
    1,
    1,
    2,
    1,
    1,
    0,
    0,
    2,
    1,
    1,
    0,
    0,
    0,
    0,
    1,
    1,
    1,
    1,
    1,
    2,
    1,
    1,
    1,
    2,
    1,
    1,
    1,
    1,
    1,
    1,
    0,
    1,
    0,
    1,
    0,
    0,
    0,
    2,
    1,
    1,
    2,
    2,
    0,
    2,
    2,
    0,
    1,
    1,
    0,
    0,
    2,
    0,
    2,
    1,
    0,
    1,
    1,
    0,
    1,
    0,
    2,
    2,
    2,
    0,
    2,
    0,
    1,
    1,
    1,
    0,
    1,
    1,
    1,
    0,
    1,
    1,
    2,
    2,
    1,
    1,
    0,
    2,
    1,
    1,
    1,
    0,
    1,
    0,
    1,
    2,
    1,
    1,
    0,
    2,
    1,
    0,
    0,
    0,
    1,
    1,
    1,
    0
  ]
}