{
  "accuracy": 0.6716666666666666,
  "avg_confidence": 0.9271875,
  "ece": 0.25890625,
  "predictions": [
    1,
    0,
    0,
    1,
    1,
    1,
    2,
    1,
    1,
    1,
    1,
    1,
    2,
    1,
    1,
    2,
    1,
    2,
    2,
    1,
    0,
    0,
    0,
    2,
    1,
    0,
    2,
    1,
    1,
    1,
    1,
    1,
    1,
    1,
    1,
    1,
    0,
    0,
    0,
    1,
    1,
    1,
    0,
    1,
    1,
    0,
    0,
    2,
    2,
    1,
    2,
    1,
    1,
    2,
    1,
    1,
    2,
    1,
    0,
    0,
    1,
    1,
    2,
    1,
    2,
    1,
    1,
    1,
    1,
    2,
    2,
    1,
    2,
    0,
    1,
    1,
    1,
    1,
    1,
    1,
    1,
    2,
    2,
    0,
    1,
    1,
    2,
    2,
    1,
    0,
    2,
    0,
    0,
    1,
    1,
    0,
    0,
    1,
    1,
    1,
    0,
    0,
    0,
    0,
    1,
    0,
    1,
    2,
    1,
    2,
    0,
    1,
    2,
    0,
    1,
    2,
    1,
    0,
    2,
    0,
    1,
    1,
    2,
    1,
    0,
    2,
    1,
    0,
    1,
    2,
    1,
    1,
    1,
    1,
    0,
    0,
    0,
    1,
    1,
    0,
    1,
    2,
    1,
    0,
    1,
    0,
    1,
    1,
    1,
    2,
    2,
    1,
    0,
    2,
    1,
    2,
    1,
    0,
    0,
    2,
    0,
    0,
    2,
    1,
    0,
    1,
    0,
    1,
    1,
    0,
    1,
    1,
    2,
    0,
    2,
    1,
    2,
    1,
    2,
    2,
    1,
    2,
    1,
    1,
    1,
    0,
    0,
    1,
    1,
    2,
    1,
    1,
    1,
    0,
    1,
    1,
    0,
    0,
    1,
    0,
    0,
    2,
    1,
    1,
    0,
    1,
    2,
    1,
    1,
    1,
    0,
    0,
    1,
    1,
    0,
    1,
    0,
    0,
    2,
    1,
    1,
    0,
    1,
    1,
    0,
    2,
    1,
    2,
    0,
    1,
    2,
    1,
    1,
    1,
    1,
    1,
    1,
    1,
    2,
    2,
    1,
    1,
    0,
    1,
    1,
    0,
    1,
    2,
    1,
    1,
    1,
    1,
    1,
    1,
    1,
    0,
    1,
    0,
    1,
    0,
    1,
    0,
    1,
    1,
    2,
    1,
    1,
    1,
    0,
    1,
    1,
    2,
    0,
    0,
    0,
    1,
    0,
    1,
    0,
    1,
    1,
    0,
    0,
    0,
    0,
    1,
    1,
    1,
    0,
    1,
    1,
    2,
    1,
    1,
    1,
    2,
    0,
    1,
    1,
    2,
    1,
    2,
    0,
    1,
    1,
    1,
    1,
    1,
    1,
    1,
    1,
    2,
    0,
    2,
    2,
    0,
    0,
    1,
    1,
    1,
    1,
    1,
    1,
    1,
    0,
    2,
    1,
    2,
    0,
    0,
    0,
    1,
    2,
    0,
    2,
    1,
    2,
    0,
    1,
    1,
    0,
    1,
    0,
    1,
    0,
    1,
    0,
    0,
    2,
    1,
    1,
    0,
    0,
    1,
    1,
    1,
    0,
    2,
    1,
    0,
    2,
    1,
    1,
    1,
    0,
    1,
    1,
    1,
    1,
    2,
    1,
    2,
    2,
    1,
    1,
    0,
    0,
    1,
    1,
    0,
    1,
    1,
    2,
    1,
    0,
    1,
    1,
    0,
    2,
    1,
    1,
    1,
    1,
    1,
    2,
    0,
    1,
    0,
    1,
    0,
    0,
    0,
    1,
    2,
    0,
    1,
    0,
    1,
    2,
    1,
    1,
    1,
    1,
    1,
    1,
    2,
    1,
    2,
    2,
    2,
    1,
    1,
    0,
    1,
    1,
    2,
    0,
    0,
    1,
    1,
    2,
    2,
    0,
    0,
    1,
    2,
    0,
    1,
    0,
    1,
    1,
    2,
    1,
    2,
    0,
    0,
    0,
    1,
    1,
    1,
    1,
    1,
    0,
    1,
    1,
    0,
    1,
    1,
    0,
    1,
    1,
    1,
    2,
    2,
    1,
    1,
    2,
    2,
    1,
    2,
    1,
    1,
    2,
    1,
    1,
    1,
    2,
    1,
    1,
    0,
    1,
    1,
    2,
    2,
    1,
    1,
    2,
    0,
    0,
    0,
    1,
    0,
    1,
    1,
    1,
    1,
    2,
    2,
    1,
    1,
    0,
    2,
    0,
    1,
    1,
    2,
    1,
    2,
    1,
    1,
    2,
    1,
    1,
    2,
    2,
    1,
    2,
    0,
    2,
    0,
    0,
    0,
    2,
    2,
    1,
    1,
    1,
    2,
    0,
    0,
    1,
    1,
    0,
    2,
    1,
    1,
    1,
    1,
    1,
    1,
    2,
    1,
    0,
    1,
    2,
    0,
    1,
    1,
    2,
    0,
    1,
    1,
    1,
    2,
    1,
    0,
    1,
    1,
    1,
    1,
    1,
    2,
    0,
    2,
    1,
    1,
    0,
    1,
    2,
    1,
    0,
    1,
    0,
    1,
    0,
    2,
    1,
    2,
    2,
    0,
    2,
    1,
    1,
    1,
    0,
    0,
    1,
    1,
    2,
    1,
    2,
    1,
    1,
    1,
    0,
    1,
    2,
    1,
    2,
    0
  ],