{
  "accuracy": 0.42833333333333334,
  "avg_confidence": 0.60865234375,
  "ece": 0.1803190104166667,
  "predictions": [
    0,
    0,
    0,
    2,
    2,
    2,
    0,
    2,
    0,
    2,
    2,
    2,
    0,
    0,
    0,
    0,
    0,
    2,
    0,
    0,
    0,
    0,
    0,
    2,
    0,
    0,
    0,
    2,
    2,
    0,
    0,
    2,
    0,
    2,
    0,
    0,
    0,
    0,
    0,
    0,
    0,
    0,
    0,
    0,
    2,
    0,
    0,
    2,
    0,
    0,
    2,
    0,
    0,
    0,
    2,
    0,
    0,
    2,
    0,
    0,
    0,
    2,
    0,
    2,
    0,
    2,
    0,
    0,
    0,
    0,
    0,
    0,
    2,
    0,
    0,
    2,
    0,
    0,
    2,
    0,
    0,
    0,
    2,
    0,
    2,
    2,
    0,
    0,
    2,
    0,
    0,
    0,
    2,
    2,
    0,
    0,
    0,
    1,
    2,
    0,
    0,
    0,
    0,
    0,
    0,
    0,
    2,
    0,
    2,
    0,
    0,
    0,
    0,
    0,
    0,
    2,
    0,
    0,
    0,
    0,
    0,
    2,
    2,
    0,
    0,
    2,
    2,
    0,
    2,
    0,
    0,
    0,
    0,
    2,
    0,
    0,
    0,
    0,
    2,
    0,
    2,
    0,
    2,
    0,
    2,
    0,
    0,
    0,
    0,
    0,
    2,
    2,
    0,
    0,
    0,
    0,
    2,
    0,
    0,
    0,
    0,
    0,
    0,
    0,
    2,
    0,
    0,
    0,
    0,
    0,
    0,
    2,
    2,
    0,
    2,
    0,
    2,
    2,
    0,
    2,
    2,
    0,
    0,
    0,
    0,
    0,
    0,
    2,
    0,
    2,
    2,
    0,
    2,
    0,
    2,
    2,
    0,
    0,
    0,
    0,
    0,
    2,
    0,
    0,
    0,
    0,
    2,
    2,
    2,
    2,
    0,
    0,
    0,
    0,
    0,
    0,
    0,
    0,
    2,
    0,
    0,
    0,
    2,
    0,
    0,
    0,
    2,
    2,
    0,
    2,
    2,
    0,
    2,
    0,
    0,
    2,
    0,
    0,
    0,
    2,
    0,
    0,
    0,
    2,
    2,
    0,
    0,
    0,
    2,
    2,
    0,
    0,
    0,
    0,
    0,
    0,
    0,
    2,
    0,
    0,
    0,
    0,
    0,
    1,
    2,
    0,
    2,
    0,
    0,
    0,
    0,
    0,
    0,
    0,
    0,
    1,
    0,
    0,
    2,
    2,
    0,
    0,
    0,
    0,
    0,
    0,
    0,
    0,
    0,
    0,
    2,
    0,
    2,
    0,
    0,
    0,
    0,
    1,
    2,
    0,
    0,
    0,
    0,
    2,
    2,
    2,
    2,
    2,
    0,
    2,
    0,
    2,
    0,
    0,
    2,
    0,
    0,
    2,
    0,
    0,
    0,
    2,
    0,
    1,
    0,
    2,
    2,
    2,
    0,
    0,
    0,
    0,
    0,
    0,
    2,
    2,
    0,
    0,
    2,
    0,
    0,
    2,
    0,
    2,
    0,
    0,
    2,
    0,
    2,
    0,
    2,
    2,
    0,
    0,
    0,
    0,
    0,
    2,
    0,
    0,
    0,
    0,
    0,
    0,
    0,
    1,
    0,
    0,
    0,
    2,
    0,
    2,
    0,
    0,
    2,
    0,
    0,
    0,
    0,
    0,
    2,
    0,
    2,
    0,
    0,
    2,
    2,
    0,
    0,
    0,
    0,
    2,
    0,
    2,
    0,
    0,
    2,
    0,
    2,
    0,
    0,
    2,
    2,
    0,
    0,
    2,
    0,
    2,
    2,
    0,
    0,
    0,
    0,
    0,
    0,
    0,
    2,
    2,
    0,
    0,
    2,
    0,
    0,
    2,
    2,
    0,
    0,
    0,
    0,
    2,
    2,
    0,
    0,
    0,
    1,
    2,
    0,
    0,
    0,
    0,
    2,
    0,
    0,
    0,
    0,
    0,
    0,
    0,
    2,
    2,
    0,
    0,
    0,
    2,
    0,
    0,
    0,
    0,
    0,
    2,
    2,
    2,
    0,
    0,
    0,
    2,
    2,
    2,
    0,
    0,
    0,
    0,
    2,
    0,
    2,
    2,
    2,
    0,
    0,
    0,
    0,
    0,
    0,
    0,
    0,
    2,
    2,
    0,
    0,
    0,
    0,
    0,
    0,
    0,
    2,
    0,
    0,
    0,
    0,
    2,
    0,
    0,
    0,
    2,
    0,
    0,
    2,
    0,
    0,
    0,
    2,
    2,
    0,
    0,
    0,
    2,
    2,
    0,
    2,
    0,
    0,
    0,
    2,
    0,
    2,
    0,
    0,
    2,
    2,
    0,
    0,
    0,
    0,
    0,
    0,
    0,
    0,
    0,
    2,
    0,
    0,
    0,
    0,
    0,
    0,
    0,
    2,
    2,
    0,
    0,
    2,
    0,
    0,
    2,
    2,
    0,
    0,
    2,
    2,
    0,
    2,
    2,
    0,
    0,
    2,
    2,
    0,
    2,
    0,
    1,
    0,
    0,
    0,
    0,
    0,
    2,
    0,
    0,
    0,
    0,
    2,
    2,
    2,
    0,
    0,
    2,
    0,
    2,
    0,
    0,
    0,
    0,
    2,
    2,
    0,
    0,
    2,
    0,
    0,
    0
  ],