{
  "dataset": "val_500 (500 samples)",
  "methods": {
    "DeepSeek V3.2": {
      "accuracy": 1.0,
      "precision": 1.0,
      "recall": 1.0,
      "f1_macro": 1.0,
      "per_class_precision": [
        1.0,
        1.0,
        1.0
      ],
      "per_class_recall": [
        1.0,
        1.0,
        1.0
      ],
      "per_class_f1": [
        1.0,
        1.0,
        1.0
      ],
      "confusion_matrix": [
        [
          159,
          0,
          0
        ],
        [
          0,
          201,
          0
        ],
        [
          0,
          0,
          140
        ]
      ],
      "avg_confidence": 0.80298
    },
    "Local Qwen3-4B": {
      "accuracy": 0.958,
      "precision": 0.9588979445613721,
      "recall": 0.9585173861152457,
      "f1_macro": 0.958618264751378,
      "per_class_precision": [
        0.9631901840490797,
        0.95,
        0.9635036496350365
      ],
      "per_class_recall": [
        0.9874213836477987,
        0.945273631840796,
        0.9428571428571428
      ],
      "per_class_f1": [
        0.9751552795031055,
        0.9476309226932669,
        0.9530685920577617
      ],
      "confusion_matrix": [
        [
          157,
          2,
          0
        ],
        [
          6,
          190,
          5
        ],
        [
          0,
          8,
          132
        ]
      ],
      "avg_confidence": 0.9458000000000001
    },
    "SVM Baseline": {
      "accuracy": 0.59,
      "precision": 0.6052695733708391,
      "recall": 0.5885116197985812,
      "f1_macro": 0.5946619556761426,
      "per_class_precision": [
        0.620253164556962,
        0.5288888888888889,
        0.6666666666666666
      ],
      "per_class_recall": [
        0.6163522012578616,
        0.5920398009950248,
        0.5571428571428572
      ],
      "per_class_f1": [
        0.6182965299684543,
        0.5586854460093896,
        0.6070038910505836
      ],
      "confusion_matrix": [
        [
          98,
          55,
          6
        ],
        [
          49,
          119,
          33
        ],
        [
          11,
          51,
          78
        ]
      ],
      "avg_confidence": null
    }
  }
}